id;user_uuid;full_name;email
1;a205619f-af79-48e5-a517-ab8829d04a38;Kids reboot;Aurlie_Michel61@gmail.com
2;4b8e509d-d6a7-49b2-9999-5b48497f85c4;sexy;Basilisse_Sanchez@hotmail.fr
3;9a700505-c3f6-4dd2-a5d4-c2fa1082671d;override Hat optimizing;Abeline46@gmail.com
4;72e3ad63-d06d-4665-87f0-b475aa173580;Open-architected;Mose.Joly12@yahoo.fr
5;b4c013b1-05f0-4551-ad86-aed95e744890;Granite a;Marius.Royer@yahoo.fr
6;beefdc33-50a7-4576-8700-a0362f575934;cross-media;Anne_Richard@hotmail.fr
7;43114b65-a96a-413d-a456-e5e00b050a71;content-based Wooden time-frame;lose_Perez@gmail.com
8;667a3194-dac8-4e07-aa13-c435bc39b0be;revolutionary service-desk;Jol.Roussel@gmail.com
9;5fc962c1-7d04-41e6-bb30-b5d01d2c44d6;Intelligent;Aaron_Caron@gmail.com
10;b531f434-05b8-46c5-8c44-80b4404ff630;web-enabled high-level;Fiacre.Legrand@yahoo.fr
